content,actual_label,actual_name,predicted_label,predicted_name,prob_normal,prob_smishing
국회의원들 답답해 머하는건지ㅜㅜ,1,일반 문자,2,피싱/스미싱 문자,0.3542576837587185,0.6457423162412814
애미없는짱깨 떼놈들ㅡㅡ,1,일반 문자,2,피싱/스미싱 문자,0.3542576837587185,0.6457423162412814
요년도 닭년머리하고 똑갇군아,1,일반 문자,2,피싱/스미싱 문자,0.3542576837587185,0.6457423162412814
개똥싸는 소리하구있네! 웃기지도 않네,1,일반 문자,2,피싱/스미싱 문자,0.3542576837587185,0.6457423162412814
99억에계약하는거아닌가ㅋㅋ백억이러면사람들ㅇ이욕하니까,1,일반 문자,2,피싱/스미싱 문자,0.3542576837587185,0.6457423162412814
단두대를 단 두대만 설치해달라!!,1,일반 문자,2,피싱/스미싱 문자,0.3732733450764456,0.6267266549235547
닭정권의 마무리기술,1,일반 문자,2,피싱/스미싱 문자,0.3542576837587185,0.6457423162412814
시청률도 찬란하였다,1,일반 문자,2,피싱/스미싱 문자,0.3542576837587185,0.6457423162412814
구라치고있네 게토레이들,1,일반 문자,2,피싱/스미싱 문자,0.3542576837587185,0.6457423162412814
두산의 오버맨들때문에우리의 서승화선수 주눅들면 안됩니다..,1,일반 문자,2,피싱/스미싱 문자,0.04100697066963395,0.9589930293303652
꼴갑들한다,1,일반 문자,2,피싱/스미싱 문자,0.3542576837587185,0.6457423162412814
정신나간애들이많네..,1,일반 문자,2,피싱/스미싱 문자,0.3542576837587185,0.6457423162412814
과한 영어사용 눈살찌푸려지는건 나뿐인가,1,일반 문자,2,피싱/스미싱 문자,0.3542576837587185,0.6457423162412814
검.경은 몇명이나 희생됐는지?,1,일반 문자,2,피싱/스미싱 문자,0.12761716810201837,0.8723828318979812
윤균상나오면 안본다,1,일반 문자,2,피싱/스미싱 문자,0.3542576837587185,0.6457423162412814
유행지난지가 언젠데ㅡㅡ,1,일반 문자,2,피싱/스미싱 문자,0.3542576837587185,0.6457423162412814
일주일에 몇시간 일하는데. 아직배도 안불러놓고. 광복절에 일본가있고 언플작작해라.,1,일반 문자,2,피싱/스미싱 문자,0.3542576837587185,0.6457423162412814
새벽12시에 눈온대매?,1,일반 문자,2,피싱/스미싱 문자,0.3542576837587185,0.6457423162412814
백구가 무더위에 지쳤어요 비와야해요!!!꼭,1,일반 문자,2,피싱/스미싱 문자,0.30725178503498296,0.6927482149650169
개떡같이 생겨가지구 거짓말은..,1,일반 문자,2,피싱/스미싱 문자,0.3542576837587185,0.6457423162412814
할건하고가소,1,일반 문자,2,피싱/스미싱 문자,0.3542576837587185,0.6457423162412814
도깨비 진짜잼있어용,1,일반 문자,2,피싱/스미싱 문자,0.3542576837587185,0.6457423162412814
이런애들만 있냐ㅡㅡ,1,일반 문자,2,피싱/스미싱 문자,0.3542576837587185,0.6457423162412814
가입하면 *만입금하면 또 *만ngg⑤.com디오_℃A_Sl_N★,2,피싱/스미싱 문자,1,일반 문자,0.8782844026923938,0.12171559730760641
축구 크로스 승패┿언옵가능미겜.가상 바.캬랴 술롯쳣갑포**%┿치킨tel mon***㉸똑 돋보기 몬실장검색,2,피싱/스미싱 문자,1,일반 문자,0.5993727039407711,0.40062729605923053
한나라의대통령으로써 부끄럽지도않냐?,1,일반 문자,2,피싱/스미싱 문자,0.3542576837587185,0.6457423162412814
HOTELKBO 개막 기념첫 **%**.****:** ~ **:**hoho**.ⓒoM,2,피싱/스미싱 문자,1,일반 문자,0.734791108808872,0.26520889119112556
허허허 민심이 떠났으니 미국으로 돌아가세요,1,일반 문자,2,피싱/스미싱 문자,0.3542576837587185,0.6457423162412814
한미일군사동맹을 철회하자고? 저러니 빨갱이소리를 듣지,1,일반 문자,2,피싱/스미싱 문자,0.3542576837587185,0.6457423162412814
부대생활 같이했던 선후임들은 권혁수이름만 들어도 욕부터 나올텐데ㅋㅋㅋㅋㅋ,1,일반 문자,2,피싱/스미싱 문자,0.3542576837587185,0.6457423162412814
일반국민들께선박근혜를 정상적인 사고른 가진자로속고살아왔어요,1,일반 문자,2,피싱/스미싱 문자,0.3542576837587185,0.6457423162412814
잠이안와요..... ㅠㅠㅠㅠㅠㅠ,1,일반 문자,2,피싱/스미싱 문자,0.3542576837587185,0.6457423162412814
각성근개막장영화해도되겟내개욕하게,1,일반 문자,2,피싱/스미싱 문자,0.3542576837587185,0.6457423162412814
정말나라가 미쳤구나,1,일반 문자,2,피싱/스미싱 문자,0.3542576837587185,0.6457423162412814
하청직원 몇명더 고용할수 있는돈으로 순실이딸년 말사준거냐?,1,일반 문자,2,피싱/스미싱 문자,0.3542576837587185,0.6457423162412814
댓글좀봐 결혼하기싫어,1,일반 문자,2,피싱/스미싱 문자,0.3542576837587185,0.6457423162412814
"아우, 티비좀 나오지마, 짜증나니께",1,일반 문자,2,피싱/스미싱 문자,0.3542576837587185,0.6457423162412814
내년 FA대박내려고 이번년도에 미친듯이던지겠네,1,일반 문자,2,피싱/스미싱 문자,0.3542576837587185,0.6457423162412814
화형하면 안될까..,1,일반 문자,2,피싱/스미싱 문자,0.40997981320755295,0.5900201867924463
농가탓을 하다니 제정신인가?,1,일반 문자,2,피싱/스미싱 문자,0.3542576837587185,0.6457423162412814
학원그리다니고공부해도저정도. 주입식이니까저러지하기싫은데억지로시키니까~~,1,일반 문자,2,피싱/스미싱 문자,0.3542576837587185,0.6457423162412814
"음마~

지금 바뻐요?

아니 새로한게 아니라 지금
핸드폰액정이 깨져서 피씨로
올랏더니 이렇게 됏어

액정이 꺠졋는데 또 이런걸
보내 ㅋㅋ

엄마 네이버 아이디 있지?

아 아는선배가 문상을 대신
좀 사달라고 해서 ㅠㅠ

나한테 입금까지 다
한상태인데

못보내주고잇어 ㅠㅠ

왜?

핸드폰이 돼야 돈을
돌려주던 하지 ㅠㅠ

그게 나쁜거야 ?

왜?

상세하게 알려줘

나 별로 잘 모르거든

문화상품권

서점에서도 판다든데

엄마 몰라

여자라고

엄마 도와줘 이번만

예전에 신세도 좀 졋던
선배인데

응?

엄마가 좀 인터넷으로사 사줘 
네이버로

이번만 해주자

피씨방에서는 어케사 ?",2,피싱/스미싱 문자,1,일반 문자,1.0,7.440874587891896e-33
할말이없다.개 똘들....,1,일반 문자,2,피싱/스미싱 문자,0.2569289303020888,0.7430710696979113
로얄주소▶️ 한나라.comV-리그**:**KB손해보험:우리카드KBL**:**전주KCC: 원주DB,2,피싱/스미싱 문자,1,일반 문자,0.9094214406011911,0.0905785593988108
바람불면꺼진다며,1,일반 문자,2,피싱/스미싱 문자,0.3542576837587185,0.6457423162412814
낙태도 살인이야. 정신차려,1,일반 문자,2,피싱/스미싱 문자,0.3542576837587185,0.6457423162412814
꼭촛불집회 하루전날 힘을주네 똥멍청,1,일반 문자,2,피싱/스미싱 문자,0.3542576837587185,0.6457423162412814
사기꾼 바끄네 사기꾼 바끄네 사기꾼 바끄네 사기꾼 바끄네 사기꾼 바끄네 사기꾼 바끄네 사기꾼 바끄네 사기꾼 바끄네 사기꾼 바끄네 사기꾼 바끄네 사기꾼 바끄네 사기꾼 바끄네 사기꾼 바끄네 사기꾼 바끄네 사기꾼 바끄네 사기꾼 바끄네 사기꾼 바끄네 사기꾼 바끄네 사기꾼 바끄네 사기꾼 바끄네 사기꾼 바끄네 사기꾼 바끄네 사기꾼 바끄네 사기꾼 바끄네 사기꾼 바끄네 사기꾼 바끄네 사기꾼 바끄네 사기꾼 바끄네 사기꾼 바끄네 사기꾼 바끄네 사기꾼 바끄네 사기꾼 바끄네 사기꾼 바끄네 사기꾼 바끄네 사기꾼 바끄네 사기꾼 바끄네 니가인간이냐?,1,일반 문자,2,피싱/스미싱 문자,0.3542576837587185,0.6457423162412814
그중 친박이 최고지.,1,일반 문자,2,피싱/스미싱 문자,0.3542576837587185,0.6457423162412814
너가트믄 가겠냐 18년,1,일반 문자,2,피싱/스미싱 문자,0.3542576837587185,0.6457423162412814
괴물의 마지막 발악,1,일반 문자,2,피싱/스미싱 문자,0.2578456654909566,0.7421543345090441
장시호에게 지시 받은적이 없다면..최순실한테 지시받았냐?,1,일반 문자,2,피싱/스미싱 문자,0.3542576837587185,0.6457423162412814
개호구 동네북일세~~,1,일반 문자,2,피싱/스미싱 문자,0.3542576837587185,0.6457423162412814
참ㅡ뱀같은 사람이구만ㅎㅎ,1,일반 문자,2,피싱/스미싱 문자,0.3542576837587185,0.6457423162412814
고물 사용하는것도자랑이냐 ..?,1,일반 문자,2,피싱/스미싱 문자,0.3542576837587185,0.6457423162412814
서민들 등꼴휘는짓만하고있네 ~!!,1,일반 문자,2,피싱/스미싱 문자,0.3542576837587185,0.6457423162412814
인간백정이 따로 없구먼..,1,일반 문자,2,피싱/스미싱 문자,0.4809175838749743,0.519082416125025
근혜랑 어울리다보니 이재용씨도 닭스러워지고 있네요,1,일반 문자,2,피싱/스미싱 문자,0.3542576837587185,0.6457423162412814
귀요미들,1,일반 문자,2,피싱/스미싱 문자,0.3542576837587185,0.6457423162412814
"이번 국회에선 방산비리및경제사범,산업스파이들은 가중처벌할수있도록 법개정해라!",1,일반 문자,2,피싱/스미싱 문자,0.34259958875650914,0.6574004112434901
"엄마 바뻐 ?

나 지금 폰이 고장나서 수리 맡기고 컴으로 카톡 하고있어

어 안대 수리 맡겻어

엄마 머한느데?

낼 오전 쯤에 찾을수 잇을거야

언제 집에가는데/.?

문상필요하다니깐

엄마 사주면 안대?

ㅎㅎ

문화상품권 엄마

나 폰 없어서 살수없어서 그래

위메프서 사면 10장

9만원이야

위메프서 사

아니 92000짜리야

위메프서 문화상품권 검색하면 나와

이런거

이거 사면 대 10장 그리고 결제하면 핀번호가 엄마 폰으로 올거야 그걸 나한테 보내줘

엄마 부탁할게

엄마

삿어?

엄마

나 컴터로 올라서 안들려

어딘데?

???안왓어?

엄마

어 맞아

낼 입금해 줄거니깐",2,피싱/스미싱 문자,1,일반 문자,0.9995204221107789,0.00047957788918113006
퇴진하겟냐 끌어내려야지,1,일반 문자,2,피싱/스미싱 문자,0.3542576837587185,0.6457423162412814
만들더라도 교육용으로 만드니깐 개노잼되는거지...,1,일반 문자,2,피싱/스미싱 문자,0.3542576837587185,0.6457423162412814
"라디오스타 게스트 2대마왕: 고영욱, 강인, 조형기",1,일반 문자,2,피싱/스미싱 문자,0.3542576837587185,0.6457423162412814
근데남친은 도통풀생각을안하네..,1,일반 문자,2,피싱/스미싱 문자,0.3542576837587185,0.6457423162412814
금메달은 취소안하냐,1,일반 문자,2,피싱/스미싱 문자,0.3542576837587185,0.6457423162412814
왜그러세요. . . . . . . .,1,일반 문자,2,피싱/스미싱 문자,0.3542576837587185,0.6457423162412814
대가리에똥만들은새끼야,1,일반 문자,2,피싱/스미싱 문자,0.3542576837587185,0.6457423162412814
채령이 뺨때려줄사람,1,일반 문자,2,피싱/스미싱 문자,0.3542576837587185,0.6457423162412814
이년 입이 핵폭탄이다 꼭 잡아라,1,일반 문자,2,피싱/스미싱 문자,0.30725178503498296,0.6927482149650169
턱으로 수박도 깨겠다,1,일반 문자,2,피싱/스미싱 문자,0.3542576837587185,0.6457423162412814
주원이 아담한여자를 좋아하는구나~,1,일반 문자,2,피싱/스미싱 문자,0.3542576837587185,0.6457423162412814
안타까운건 사실이지만 자업자득이다.,1,일반 문자,2,피싱/스미싱 문자,0.3542576837587185,0.6457423162412814
애초 공식적으로 결혼도 안한여자를 대통령으로뽑은게 잘못임...,1,일반 문자,2,피싱/스미싱 문자,0.3542576837587185,0.6457423162412814
꼬우면니들이하세요,1,일반 문자,2,피싱/스미싱 문자,0.3542576837587185,0.6457423162412814
뭐하시는집단들인가,1,일반 문자,2,피싱/스미싱 문자,0.3542576837587185,0.6457423162412814
제2 광주폭동을 횃불로 승화 시킵시다.,1,일반 문자,2,피싱/스미싱 문자,0.3542576837587185,0.6457423162412814
이번기회로 파업노조원들 다제명시켜라시민의발목잡는넘들 바로해고조치해야한다,1,일반 문자,2,피싱/스미싱 문자,0.3542576837587185,0.6457423162412814
대한민국 종북좌빨 및 간첩이 222만명,1,일반 문자,2,피싱/스미싱 문자,0.18994052855849045,0.8100594714415097
현대차사면 안되겠다,1,일반 문자,2,피싱/스미싱 문자,0.3542576837587185,0.6457423162412814
2억짜리 밑으로는 가오잡지말고 조용히타고다녀라...,1,일반 문자,2,피싱/스미싱 문자,0.3542576837587185,0.6457423162412814
"부패, 무능력은 세계공통",1,일반 문자,2,피싱/스미싱 문자,0.3542576837587185,0.6457423162412814
다르던 말던 안볼거,1,일반 문자,2,피싱/스미싱 문자,0.3542576837587185,0.6457423162412814
"엄마 바빠?

나폰액정나가서 수리 맏겼어

폰수리맏기고 컴퓨터로 접속했어
ㅠㅠ

저녁쯤 대야폰 찾을수 있대

엄마

지금 인터넷 뱅킹가능해?

일땜에 돈보낼곳이 있는데
공인인증이 안되서 그래

폰찾는대로 바로 보내줄께

응 근데 은행 갈려면 시간오래 걸려 ?

500정도 되는데 가능하겟어?

그리고 이모 계좌번호 보내달라고해
저녁 쯤에 보내줄테니깐

???이 이모부가사무실  가는데
얼마나 걸린데 ?

그리고 받을계좌 번호 일단 지금 보내 달라고해 메모해놓게

아직이야 ?

엄마",2,피싱/스미싱 문자,1,일반 문자,0.9999999999392912,6.071645122735974e-11
쾌청같은소리하네.시력검사를 제대로받아보셔야될듯,1,일반 문자,2,피싱/스미싱 문자,0.3542576837587185,0.6457423162412814
2천원이면 탈만하겠던데 만오천원인가 2만원이었음,1,일반 문자,2,피싱/스미싱 문자,0.3542576837587185,0.6457423162412814
꼭 명승부로 우승을!,1,일반 문자,2,피싱/스미싱 문자,0.30725178503498296,0.6927482149650169
인간문화재 할머니 병신춤 계승하러 그룹 그만뒀나,1,일반 문자,2,피싱/스미싱 문자,0.0861052732477597,0.9138947267522399
김연아 욕은 팬들이 먹인다,1,일반 문자,2,피싱/스미싱 문자,0.3542576837587185,0.6457423162412814
다음은 법원탄핵가자,1,일반 문자,2,피싱/스미싱 문자,0.3542576837587185,0.6457423162412814
김무성 의원직 은 사퇴하라,1,일반 문자,2,피싱/스미싱 문자,0.07022408168826076,0.9297759183117396
형님커피한잔~코드명:황금삼품**장 바로두륌gam**쩌엄콤,2,피싱/스미싱 문자,1,일반 문자,0.5656999381114051,0.434300061888588
역시꾹다문 미꾸라지주딩이,1,일반 문자,2,피싱/스미싱 문자,0.3542576837587185,0.6457423162412814
니들이뭔데?,1,일반 문자,2,피싱/스미싱 문자,0.3542576837587185,0.6457423162412814
고여있는 물은 썩는법이지,1,일반 문자,2,피싱/스미싱 문자,0.3542576837587185,0.6457423162412814
cctv도 없다면서?특검조사실에?,1,일반 문자,2,피싱/스미싱 문자,0.3542576837587185,0.6457423162412814
해결같은소리하구있네,1,일반 문자,2,피싱/스미싱 문자,0.3542576837587185,0.6457423162412814
세계2차대전은 is 전쟁일듯,1,일반 문자,2,피싱/스미싱 문자,0.03683993230789865,0.9631600676921016
한국배구 망친장본인이다,1,일반 문자,2,피싱/스미싱 문자,0.3542576837587185,0.6457423162412814
도둑놈의 자손들,1,일반 문자,2,피싱/스미싱 문자,0.3542576837587185,0.6457423162412814
술먹고 운전해서 청와대로...,1,일반 문자,2,피싱/스미싱 문자,0.3542576837587185,0.6457423162412814
그전에는 하루에 세번씩이나 전화오고아무리 바빠도 몰래라도 전화하던 남자친구인데요,1,일반 문자,2,피싱/스미싱 문자,0.4809175838749743,0.519082416125025
강호동 개시끄럽다 ㅁㅊ,1,일반 문자,2,피싱/스미싱 문자,0.3542576837587185,0.6457423162412814
트랙터 움직이는 기름이 우리가낸 세금인데.. 경찰도알껀데 ..,1,일반 문자,2,피싱/스미싱 문자,0.3542576837587185,0.6457423162412814
프링클마시고 EXID 몸매처럼 돼야지,1,일반 문자,2,피싱/스미싱 문자,0.3542576837587185,0.6457423162412814
"엄마 뭐해?나 핸드폰 액정이나가서 수리센터에 수리맡기고 전에 내 명의로 가입해놨던 인터넷 문자 사이트로 엄마한테 문자 하는거야 급하게 부탁이 있어! 컴퓨터 문자사이트로 하는거라 문자만 가능해 통화가 안되니깐 확인하면 답장줘~

엄마 나 급한일이 있어서 그래 문자로 하기 불편하니까 일단 01027693385 이번호로 카톡 추가해줘 인터넷으로 카톡하나 만들었어

엄마 지금 컬쳐랜드 회사에서 구글기프트카드 재테크 땜에 이벤트진행중인데 편의점 가면은 구글기프트 카드 파는거 있어~ 이벤트 한도 소진되면 안되니까 급해서 그래!

구글기프트카드 10만권이나 20만권으로 80만원치 구매좀해줘 80만원치 사면 수수료 
16만원 벌수있거든
 부탁좀 할게~ 엄마가 먼저 편의점가서 구글기프트카드 구매해주라 구매한 금액은 폰수리 끝나고 바로 보내줄게 부탁 좀 할게~

예배 끝나고 여기 카톡으로 얘기해줘 엄마

웬만한 편의점에는 다 있어

일단 예배 끝나고 카톡줘 엄마

현금으로만 구매가능해 엄마

아냐 엄마 예배 끝나고 카톡줘 내가 지금 이거 한다고 친한선배네 집에 왔는데

선배는 구글 키프트 사러 편의점에 가고 없어

돈 보내지마 ~

돈이 필요한게 아니야

한가할때 편의점에 다녀와

응",2,피싱/스미싱 문자,1,일반 문자,1.0,2.6083017501156463e-21
서민 쥐어짜는 정책은 유럽 따라가지만 최저 시급 만원으로 인상하는 친서민 정책은 절대 안따라감.,1,일반 문자,2,피싱/스미싱 문자,0.07983169645374147,0.9201683035462573
트럼프를 왜좋아해?????,1,일반 문자,2,피싱/스미싱 문자,0.3542576837587185,0.6457423162412814
미쿡가서 재판이나 받으시지?,1,일반 문자,2,피싱/스미싱 문자,0.3542576837587185,0.6457423162412814
그만새로고침해,1,일반 문자,2,피싱/스미싱 문자,0.3542576837587185,0.6457423162412814
와진짜 사형시켜야한다고 생각해요,1,일반 문자,2,피싱/스미싱 문자,0.3542576837587185,0.6457423162412814
김옹이랑 같이할 코치들이있나?,1,일반 문자,2,피싱/스미싱 문자,0.3542576837587185,0.6457423162412814
자 헬조선도 시작합시다,1,일반 문자,2,피싱/스미싱 문자,0.09089211750952256,0.9091078824904774
본인불찰이네 누굴탓해,1,일반 문자,2,피싱/스미싱 문자,0.3542576837587185,0.6457423162412814
무슨말도 못믿겠는데,1,일반 문자,2,피싱/스미싱 문자,0.3542576837587185,0.6457423162412814
제 마음속에있는 악이 사라져줬으면하네요,1,일반 문자,2,피싱/스미싱 문자,0.16151958278829373,0.8384804172117063
10년을있든20년을있든돈더준다는데안가는넘이멍청한거지,1,일반 문자,2,피싱/스미싱 문자,0.3542576837587185,0.6457423162412814
대단하네...인력과 자본이 많으니 안되는게 없구나..,1,일반 문자,2,피싱/스미싱 문자,0.4013951344609343,0.5986048655390663
교사직위박탈시켜라!!,1,일반 문자,2,피싱/스미싱 문자,0.3542576837587185,0.6457423162412814
새로운 제국주의 시작인가,1,일반 문자,2,피싱/스미싱 문자,0.054735334975733047,0.9452646650242676
키가 190은되보임 여긴 장남만 괜찮고 나머진쩌리인듯,1,일반 문자,2,피싱/스미싱 문자,0.3542576837587185,0.6457423162412814
닭을한번끓여서 씻으란소리같은대?~~,1,일반 문자,2,피싱/스미싱 문자,0.3542576837587185,0.6457423162412814
애꿎은 선수나 죽이지 마시고 체계적인 관리나 하세요,1,일반 문자,2,피싱/스미싱 문자,0.10240388173411204,0.897596118265887
로얄주소▶️ 한나라.comV-리그**:**KB손해보험:우리카드KBL**:**전주KCC: 원주DB,2,피싱/스미싱 문자,1,일반 문자,0.9094214406011911,0.0905785593988108
니본도를 아갈에서똥고까지쳐눌테다~~,1,일반 문자,2,피싱/스미싱 문자,0.3542576837587185,0.6457423162412814
세차만하고나면 비오냐ㅠㅠ,1,일반 문자,2,피싱/스미싱 문자,0.3542576837587185,0.6457423162412814
온라인마권 업체정시타임마감준수 선명한 화질**+[*]만wdr**** 쪔 com온라인마권 쪔 kr,2,피싱/스미싱 문자,1,일반 문자,0.958707343182325,0.041292656817684605
날은 해뜨고좋은데 미세먼지는 최악 이런데도 애데리고 나다니는 부모는 뭐임?,1,일반 문자,2,피싱/스미싱 문자,0.3542576837587185,0.6457423162412814
좌좀에 개량한복 어울리게 생긴듯,1,일반 문자,2,피싱/스미싱 문자,0.3542576837587185,0.6457423162412814
"누나 머해 지금 바뻐?

그럼 머하나만 부탁해도돼누나

나지금 공인인증서 오류떠서 이체가 안돼서 그러는데 누나 나대신 송금98만해줄수있어 ?

5시전으로 이체해줄께

바로송금되는거지?

곧줘

한번만 부탁하자

농협 2511023803022 류이스

여기로 보내줘 누나

사고쳣어

그걸 알아서뭐하게

 누나

야

농협 2511023803022 류이스

빨리 돈보내

농협 2511023803022 류이스

농협 25111035803022 류이스",2,피싱/스미싱 문자,1,일반 문자,0.9998484845084088,0.0001515154915888866
불만들이 그득하구나 투덜이 스머프 ㅍㅎㅎ,1,일반 문자,2,피싱/스미싱 문자,0.3542576837587185,0.6457423162412814
월급대비 물가는 세계1위,1,일반 문자,2,피싱/스미싱 문자,0.3542576837587185,0.6457423162412814
갤노트세븐을쓰도록해같이보내버리게,1,일반 문자,2,피싱/스미싱 문자,0.3542576837587185,0.6457423162412814
핵맞을짓안하면 핵안맞지ㅋㅋ 원숭이들 날뛰다가 처맞고 찡찡대기는,1,일반 문자,2,피싱/스미싱 문자,0.3542576837587185,0.6457423162412814
나라망신이다. 돈있는 자들의 나라인가?,1,일반 문자,2,피싱/스미싱 문자,0.3542576837587185,0.6457423162412814
"Airbnb: Kenneth, '이미지가 전송됨'",2,피싱/스미싱 문자,1,일반 문자,0.7832894725698468,0.21671052743015376
정부관계자와 의원들이 제일문제,1,일반 문자,2,피싱/스미싱 문자,0.3542576837587185,0.6457423162412814
덴마크 정유라나 잡아라,1,일반 문자,2,피싱/스미싱 문자,0.3542576837587185,0.6457423162412814
먹을만큼 먹었지......... 나이를..,1,일반 문자,2,피싱/스미싱 문자,0.3542576837587185,0.6457423162412814
"엄마~ 바빠?
엄마 나 급한 일이 좀 생겨서…
지금 98만원만 입금해 줄 수 있어?+C6",2,피싱/스미싱 문자,1,일반 문자,0.991350418254101,0.008649581745897002
토요일은 세븐틴을 보며 신나게 놀아야지♡,1,일반 문자,2,피싱/스미싱 문자,0.3542576837587185,0.6457423162412814
김광규 유퉁ㅋㅋㅋㅋㅋ,1,일반 문자,2,피싱/스미싱 문자,0.3542576837587185,0.6457423162412814
사대강은 상상도 할수없는 쓰레기사업이다,1,일반 문자,2,피싱/스미싱 문자,0.3542576837587185,0.6457423162412814
잠꼬대하고있네,1,일반 문자,2,피싱/스미싱 문자,0.3542576837587185,0.6457423162412814
곰탕이유행을하게되고곰탕사건이터진건누군가곰탕운이슈해했다박대통령님진상을밝혀주세요,1,일반 문자,2,피싱/스미싱 문자,0.3542576837587185,0.6457423162412814
무능한애들만 자리앉이고. IMF때도 제들이 정당이였고.이명박3대강부터 이나라는 헬조선이된겨,1,일반 문자,2,피싱/스미싱 문자,0.3542576837587185,0.6457423162412814
황교안이 대통령이다 닭년아ㅉㅉ,1,일반 문자,2,피싱/스미싱 문자,0.3542576837587185,0.6457423162412814
아들2명 임창정하고 새엄마가 꼭 키워라!! ㅁ,1,일반 문자,2,피싱/스미싱 문자,0.3100649941685314,0.6899350058314678
먹는것도아니고 3+1 라면사서 업체실수로 스프하나빠져서 리콜한다는데 3개만 반품하면되냐?,1,일반 문자,2,피싱/스미싱 문자,0.01337707036652058,0.9866229296334799
쎄더넴세븐틴화이팅♡,1,일반 문자,2,피싱/스미싱 문자,0.3542576837587185,0.6457423162412814
아니 이걸 왜 안받아가요?사비쿱+깁티 즉시 지급돌발**+*+피자톡do****(신규),2,피싱/스미싱 문자,1,일반 문자,0.9891759461356613,0.010824053864336372
세금을 쓰레기만드는데 쏟아부었음,1,일반 문자,2,피싱/스미싱 문자,0.3542576837587185,0.6457423162412814
날 강도가 따로없네...,1,일반 문자,2,피싱/스미싱 문자,0.1707325883049074,0.8292674116950927
사지말고 명단공개하고 추방해라,1,일반 문자,2,피싱/스미싱 문자,0.3542576837587185,0.6457423162412814
포켓몬고하다가 북한놈들한테 당하느니 안하고말지,1,일반 문자,2,피싱/스미싱 문자,0.3542576837587185,0.6457423162412814
콩밥먹고 금수저가 어떤건지 다시 생각해라,1,일반 문자,2,피싱/스미싱 문자,0.43249580642773944,0.5675041935722601
김종덕 위증이네,1,일반 문자,2,피싱/스미싱 문자,0.3542576837587185,0.6457423162412814
지네 엄마처럼 역겹게 생겻네,1,일반 문자,2,피싱/스미싱 문자,0.3542576837587185,0.6457423162412814
"[복지로]
2012년 초중고
교육비지원신청
원클릭어플로 쉽게 하세요!
Taourl.es/gvS",2,피싱/스미싱 문자,1,일반 문자,0.755063404038889,0.24493659596111234
낡은 경유차 노답ㅡㅡ,1,일반 문자,2,피싱/스미싱 문자,0.3542576837587185,0.6457423162412814
"힘있고 돈많으면 굽실굽실, 힘없고 가난하면 으쓱으쓱",1,일반 문자,2,피싱/스미싱 문자,0.3542576837587185,0.6457423162412814
썅둥이는 망부터가 쥩같이 느려???,1,일반 문자,2,피싱/스미싱 문자,0.3542576837587185,0.6457423162412814
장강훈이 기자면 똥파리도 새다.,1,일반 문자,2,피싱/스미싱 문자,0.3542576837587185,0.6457423162412814
저냥반이 정치할까봐 우려됨,1,일반 문자,2,피싱/스미싱 문자,0.3542576837587185,0.6457423162412814
생긴데로 논다,1,일반 문자,2,피싱/스미싱 문자,0.3542576837587185,0.6457423162412814
결혼생활까지 김치년만나서 고생하고싶냐,1,일반 문자,2,피싱/스미싱 문자,0.3542576837587185,0.6457423162412814
댓글을보니 빠순이빠순이 뭐라하지말고 본인이나 잘하세요,1,일반 문자,2,피싱/스미싱 문자,0.3542576837587185,0.6457423162412814
예전부터 얼굴보이면 채널돌렸음,1,일반 문자,2,피싱/스미싱 문자,0.3542576837587185,0.6457423162412814
볼보도 중국자동차 였지...,1,일반 문자,2,피싱/스미싱 문자,0.3542576837587185,0.6457423162412814
오 꽤모였는데 알바비좀 썼겠네^^,1,일반 문자,2,피싱/스미싱 문자,0.052167020339953706,0.9478329796600455
님들 고염식 저단백했어요,1,일반 문자,2,피싱/스미싱 문자,0.3542576837587185,0.6457423162412814
하는꼬라지가 미국을 몇년은 퇴보하게 만드는듯,1,일반 문자,2,피싱/스미싱 문자,0.3542576837587185,0.6457423162412814
환영합니다..,1,일반 문자,2,피싱/스미싱 문자,0.21749242837972813,0.7825075716202723
나한테 방법없다고 금액조정하거나 합의해서 받던지 하라고하고 노동청에서 해주는거 없음.,1,일반 문자,2,피싱/스미싱 문자,0.4567257317071949,0.5432742682928053
해산하고 세비도반으로 삭감하고 비례대표도 없애라,1,일반 문자,2,피싱/스미싱 문자,0.3542576837587185,0.6457423162412814
19일부터는 부터는 고삼과 N수생들도 함께 할 거에요.,1,일반 문자,2,피싱/스미싱 문자,0.2114935407112111,0.7885064592887905
연예인들 티브나와서 개인사운운하며 징징하는거 사청자들은 피곤해함..,1,일반 문자,2,피싱/스미싱 문자,0.3542576837587185,0.6457423162412814
****보험금 납부 위반 통지서http://oakdb.com재난지원금 사용 가능국외발신 주의Http://go*.co,2,피싱/스미싱 문자,1,일반 문자,0.9259124893453432,0.07408751065465814
불법정부 철회해야.,1,일반 문자,2,피싱/스미싱 문자,0.3542576837587185,0.6457423162412814
짱깨국이 쪽발이국 니뽄을 개작살내고 대마도만 우리에게 넘겨주면 남중국해소유권인정해줄께.둘이 붙이봐,1,일반 문자,2,피싱/스미싱 문자,0.3542576837587185,0.6457423162412814
작가가 미쳤나봐요,1,일반 문자,2,피싱/스미싱 문자,0.3542576837587185,0.6457423162412814
확실한건 역사책에 네이름은 기록될듯하다 희대의 정치악마,1,일반 문자,2,피싱/스미싱 문자,0.3542576837587185,0.6457423162412814
연아선수 회이팅 이구여!!,1,일반 문자,2,피싱/스미싱 문자,0.3542576837587185,0.6457423162412814
더러우니까... 혐오스러우니까,1,일반 문자,2,피싱/스미싱 문자,0.3542576837587185,0.6457423162412814
피쳐는정말 똥맛남,1,일반 문자,2,피싱/스미싱 문자,0.3542576837587185,0.6457423162412814
군납비리부터 겁나게비싸게사니,1,일반 문자,2,피싱/스미싱 문자,0.3542576837587185,0.6457423162412814
가로수whd**  com한국 **R일본 **R중앙 **R전경기 진행중!!,2,피싱/스미싱 문자,1,일반 문자,0.5073304244638607,0.4926695755361429
새만금을중국에영구임대했음좋겠다,1,일반 문자,2,피싱/스미싱 문자,0.3542576837587185,0.6457423162412814
약빨고도 안되서 편파까지 조진 형광나방.,1,일반 문자,2,피싱/스미싱 문자,0.4809175838749743,0.519082416125025
훈훈 합니다^^.굿,1,일반 문자,2,피싱/스미싱 문자,0.0925922337913634,0.9074077662086361
순실이한테 부탁해봐 면제될수도..,1,일반 문자,2,피싱/스미싱 문자,0.3542576837587185,0.6457423162412814
삼성하면 부도덕 아닝겨?,1,일반 문자,2,피싱/스미싱 문자,0.3542576837587185,0.6457423162412814
나라꼴이 이모양인데,1,일반 문자,2,피싱/스미싱 문자,0.3542576837587185,0.6457423162412814
꽁트안하냐 소개하다드립치는건 오래못간다,1,일반 문자,2,피싱/스미싱 문자,0.3542576837587185,0.6457423162412814
인간아 무죄가 아니라고ㅋ 기사다시천천히 필독ㅋ,1,일반 문자,2,피싱/스미싱 문자,0.3542576837587185,0.6457423162412814
기추니와 버엉우는 감옥에 꼭 집어 넣어야 혀,1,일반 문자,2,피싱/스미싱 문자,0.30725178503498296,0.6927482149650169
주딩이 내밀고 사진찍지마라,1,일반 문자,2,피싱/스미싱 문자,0.3542576837587185,0.6457423162412814
좌좀 좌좀 거리는 무좀 한마리가 기어들어왔네,1,일반 문자,2,피싱/스미싱 문자,0.3542576837587185,0.6457423162412814
똥물을 끼얹어도 시원찮을랸,1,일반 문자,2,피싱/스미싱 문자,0.3542576837587185,0.6457423162412814
미꾸라지를 소금에 담거 벗겨버리쇼!,1,일반 문자,2,피싱/스미싱 문자,0.3542576837587185,0.6457423162412814
생각이없나 윗대가리늘은,1,일반 문자,2,피싱/스미싱 문자,0.3542576837587185,0.6457423162412814
댓글부대 박정원 돈사모들 드글드글,1,일반 문자,2,피싱/스미싱 문자,0.3542576837587185,0.6457423162412814
왜저래. 영화인줄아나?,1,일반 문자,2,피싱/스미싱 문자,0.3542576837587185,0.6457423162412814
잘못을 알았다면 순순히 고백하시지,1,일반 문자,2,피싱/스미싱 문자,0.3542576837587185,0.6457423162412814
희대의 거품 김수현,1,일반 문자,2,피싱/스미싱 문자,0.3542576837587185,0.6457423162412814
전북현대한테 돈꿔달라고해.,1,일반 문자,2,피싱/스미싱 문자,0.3542576837587185,0.6457423162412814
미친것들 시바 욕티나와 거지같은것들,1,일반 문자,2,피싱/스미싱 문자,0.3542576837587185,0.6457423162412814
했던말 또하고 박지만이 살인한거덮ㅇ8ㄹ려고 쇼한다 꼭두각시년아,1,일반 문자,2,피싱/스미싱 문자,0.3542576837587185,0.6457423162412814
기상청을 민영화하세요,1,일반 문자,2,피싱/스미싱 문자,0.3542576837587185,0.6457423162412814
손석희도 잘못있으면 당연히조사받아야지,1,일반 문자,2,피싱/스미싱 문자,0.3542576837587185,0.6457423162412814
페이스북에 잘난부모둔게죄냐는 글올린 당당함은 언제그랫었냐는듯 전혀다른사람같은태도군,1,일반 문자,2,피싱/스미싱 문자,0.3542576837587185,0.6457423162412814
아줌마 헛소리 집어치우고 조사받아보시죠.....,1,일반 문자,2,피싱/스미싱 문자,0.3542576837587185,0.6457423162412814
어버이연합먼저 없애야죠,1,일반 문자,2,피싱/스미싱 문자,0.3542576837587185,0.6457423162412814
앵그리버드 덴마크에 이어 또한번망신당하겠네,1,일반 문자,2,피싱/스미싱 문자,0.3542576837587185,0.6457423162412814
윤길현 인성이 아닌데야구가 되겠니?,1,일반 문자,2,피싱/스미싱 문자,0.3542576837587185,0.6457423162412814
성근이가 털었으니 LG 탈락이다야~,1,일반 문자,2,피싱/스미싱 문자,0.431180233359905,0.568819766640095
탑 kt우세. 정글 미드 봇 스크우세,1,일반 문자,2,피싱/스미싱 문자,0.3542576837587185,0.6457423162412814
너님이 금메달 딴거랑 내인생이랑 상관이없어요,1,일반 문자,2,피싱/스미싱 문자,0.3542576837587185,0.6457423162412814
촞불이 혁명되기를기다리는물건이누군가아는분?,1,일반 문자,2,피싱/스미싱 문자,0.3542576837587185,0.6457423162412814
부작용일어나서디ㅈ ㅕ,1,일반 문자,2,피싱/스미싱 문자,0.3542576837587185,0.6457423162412814
G랄도 풍년이다,1,일반 문자,2,피싱/스미싱 문자,0.3542576837587185,0.6457423162412814
삼성내야진이 두산백업보다 못하냐?,1,일반 문자,2,피싱/스미싱 문자,0.3542576837587185,0.6457423162412814
다깡딸같으니. 콩으로 메주를 쑨다고해도 당신의 신뢰는 지하암반수밑이요,1,일반 문자,2,피싱/스미싱 문자,0.42141589686397296,0.5785841031360274
버스안에서 오지게처맞겟네,1,일반 문자,2,피싱/스미싱 문자,0.3542576837587185,0.6457423162412814
헬조선에서 몽구어떻게이기냐,1,일반 문자,2,피싱/스미싱 문자,0.3542576837587185,0.6457423162412814
타고싶은거 타면되지 말이많노,1,일반 문자,2,피싱/스미싱 문자,0.3542576837587185,0.6457423162412814
의도치 않게 최고 ㅋㅋㅋ갓갓,1,일반 문자,2,피싱/스미싱 문자,0.38181965051762345,0.6181803494823757
안드로이드업뎃안되면서 유도하네... 웃긴다.,1,일반 문자,2,피싱/스미싱 문자,0.3542576837587185,0.6457423162412814
썩은내나는사랑하길,1,일반 문자,2,피싱/스미싱 문자,0.3542576837587185,0.6457423162412814
"박원숭: ""기다려달라"" 2017.01.22",1,일반 문자,2,피싱/스미싱 문자,0.08907788740740949,0.9109221125925907
지애비한테 배운것 그대로군,1,일반 문자,2,피싱/스미싱 문자,0.3542576837587185,0.6457423162412814
과거의 일들로 자꾸만 남자친구를 의심하게 됩니다,1,일반 문자,2,피싱/스미싱 문자,0.2578456654909566,0.7421543345090441
환자한테설명할때어려운의학용어 사용하지말고쉽게설명하라고분명히배울텐데ㅎㅎ,1,일반 문자,2,피싱/스미싱 문자,0.3542576837587185,0.6457423162412814
짜맞추기 들어갑니다,1,일반 문자,2,피싱/스미싱 문자,0.3542576837587185,0.6457423162412814
요즘따라폭우가심하네요,1,일반 문자,2,피싱/스미싱 문자,0.3542576837587185,0.6457423162412814
축하한다,1,일반 문자,2,피싱/스미싱 문자,0.3542576837587185,0.6457423162412814
손석희를 특검하라구속수사하라,1,일반 문자,2,피싱/스미싱 문자,0.3542576837587185,0.6457423162412814
음식으로 장난치지마라,1,일반 문자,2,피싱/스미싱 문자,0.3542576837587185,0.6457423162412814
승마하는데 화장을 저렇게까지,1,일반 문자,2,피싱/스미싱 문자,0.3542576837587185,0.6457423162412814
변태의 친구는 변태라더니...,1,일반 문자,2,피싱/스미싱 문자,0.3542576837587185,0.6457423162412814
더 이상 세계무대에 창피할게 뭐있나.,1,일반 문자,2,피싱/스미싱 문자,0.44632906745761325,0.5536709325423882
게임이 모라고..ㅋㅋ미치겟다ㅋㅋ다쳣는데 다쳣다고말하기도 쪽ㅍ린사건이고만,1,일반 문자,2,피싱/스미싱 문자,0.3542576837587185,0.6457423162412814
동성애..간통..성매매..혼전동거..문란한나라망할징조다..위에서부터 정신차려라,1,일반 문자,2,피싱/스미싱 문자,0.3542576837587185,0.6457423162412814
갖다 버러라~~~~~,1,일반 문자,2,피싱/스미싱 문자,0.3542576837587185,0.6457423162412814
정부 대응은 졸 안이하다 입니다,1,일반 문자,2,피싱/스미싱 문자,0.22241433706290742,0.7775856629370922
1인자가될수없는이유,1,일반 문자,2,피싱/스미싱 문자,0.3542576837587185,0.6457423162412814
김재현담당자입니다. 일전에신청하신대출 승인나오셨는데 부재중이네요ㅜ카톡sbsbjh,2,피싱/스미싱 문자,1,일반 문자,0.7254485861655238,0.27455141383447484
"엄마 나폰 고장나서
센터에 맡겼어
안심번호로
문자하는거야
통화안되니까
문자확인하면 답장해줘

그럼

폰떨어뜨려서
액정나갓어
센터에서 지금
온라인으로 신청하면
보험처리가능하대

지금 신청해야되는데
내 폰은 고장이라
본인인증이안돼 엄마",2,피싱/스미싱 문자,1,일반 문자,0.9151997168377884,0.08480028316221214
누가이미 청문회전에 얼굴을 눌럿나 ??,1,일반 문자,2,피싱/스미싱 문자,0.3542576837587185,0.6457423162412814
화물차 사이에 끼면 죽을 목숨인데 허껍데기 소령차 타긋냐.,1,일반 문자,2,피싱/스미싱 문자,0.4809175838749743,0.519082416125025
역시짱깨클라스는달라~이쉐키도사형시켜라,1,일반 문자,2,피싱/스미싱 문자,0.3542576837587185,0.6457423162412814
유럽대륙큰시장을 우습게 보다니.,1,일반 문자,2,피싱/스미싱 문자,0.3542576837587185,0.6457423162412814
경주는 저주받았습니다,1,일반 문자,2,피싱/스미싱 문자,0.3542576837587185,0.6457423162412814
내일이 큰 남자그는 '뉴헤븐'을 씁니다★첫충★**+***+****+*****+**nh⑤**.com뉴헤븐카지노,2,피싱/스미싱 문자,1,일반 문자,0.7943736330145603,0.20562636698544892
스포좀 그만하라고 기레기들아,1,일반 문자,2,피싱/스미싱 문자,0.3542576837587185,0.6457423162412814
고고한척하는 상등신,1,일반 문자,2,피싱/스미싱 문자,0.3542576837587185,0.6457423162412814
창정이 형님 우선 싸질러놓고 생각하시네ㅋㅋㅋㅋㅋ,1,일반 문자,2,피싱/스미싱 문자,0.23437423369261454,0.7656257663073841
대기리에 똥만가득찻어 무슨생각으로사는지 한심스럽다,1,일반 문자,2,피싱/스미싱 문자,0.3542576837587185,0.6457423162412814
이래놓고 요금 슬쩍 올리고 누진제도 계속하고 그럴꺼지,1,일반 문자,2,피싱/스미싱 문자,0.3542576837587185,0.6457423162412814
어깨 아작난 흡연돼지가 무슨5선발?,1,일반 문자,2,피싱/스미싱 문자,0.3542576837587185,0.6457423162412814
일본만주군중위 다카끼마사오,1,일반 문자,2,피싱/스미싱 문자,0.3542576837587185,0.6457423162412814
이나쁜년아 악마야,1,일반 문자,2,피싱/스미싱 문자,0.3542576837587185,0.6457423162412814
과대망상증 환자. .,1,일반 문자,2,피싱/스미싱 문자,0.3542576837587185,0.6457423162412814
작뱅은 해도해도 너무한다,1,일반 문자,2,피싱/스미싱 문자,0.3542576837587185,0.6457423162412814
범죄자에게 인권은 사치다.,1,일반 문자,2,피싱/스미싱 문자,0.3542576837587185,0.6457423162412814
투표가 쑈입니까??? 받아들이기 힘드네요 내용,1,일반 문자,2,피싱/스미싱 문자,0.13375868275754324,0.8662413172424568
당하긴 뭘당해.....뒷돈 받은거지,1,일반 문자,2,피싱/스미싱 문자,0.3542576837587185,0.6457423162412814
죽어서도 편치마라,1,일반 문자,2,피싱/스미싱 문자,0.3542576837587185,0.6457423162412814
누구에게 비아그라른 처먹였을까알고있는 일본기자 글막고 고소하구 으그,1,일반 문자,2,피싱/스미싱 문자,0.3542576837587185,0.6457423162412814
승부처 남발 감독ㅋ,1,일반 문자,2,피싱/스미싱 문자,0.3542576837587185,0.6457423162412814
엠시몽도 버젓이 활동하고잇는데 유승준이면양반이지,1,일반 문자,2,피싱/스미싱 문자,0.3542576837587185,0.6457423162412814
아니뭐라는겨 너무길어서 읽기조차 겁남,1,일반 문자,2,피싱/스미싱 문자,0.3542576837587185,0.6457423162412814
"언니야

바뻐 ?

ㅇㅇ

지금 바뻐 ?

다름이 아니라 나부탁 좀 하자 ?

급히 송금해야 할곳 잇는데 공인인증때문에 대신송금좀 해주면 안될까 ?

업데이트 뜨는데 안되가지고

부탁 좀 하자

안될까 ?

280만

일때문에 쓰는거라

그럼 얼마 정도 되 ?

??

부탁 좀 하자

95만 은 가능 할까 ?

모르게 하는거라

톡으로 말하기는 좀 그러니깐 있다 일다보고 통화 하자

어떻게  95만 안될까 ?",2,피싱/스미싱 문자,1,일반 문자,1.0,9.008858209285057e-22
현재 2타수무 정상아님.,1,일반 문자,2,피싱/스미싱 문자,0.42244228706367,0.5775577129363301
이돼지는 고문해야돼,1,일반 문자,2,피싱/스미싱 문자,0.3542576837587185,0.6457423162412814
그럼아베부터어떻게좀,1,일반 문자,2,피싱/스미싱 문자,0.3542576837587185,0.6457423162412814
arpl저분 최소 여성차별주의.여자옷이 더 비싸든데,1,일반 문자,2,피싱/스미싱 문자,0.4912478202789577,0.508752179721041
"응 나 뭐하나 부탁해도 돼?

지금 편의점가서 구글기프트카드
20만권 3장 사줄수있어?

수수료 벌려고 그래",2,피싱/스미싱 문자,1,일반 문자,0.9939332832469542,0.0060667167530423
저사람조심하세요ㅡㅡ,1,일반 문자,2,피싱/스미싱 문자,0.3542576837587185,0.6457423162412814
주찬이형 어디다가져다놔도 수비는 기본이상해주는선수니까..,1,일반 문자,2,피싱/스미싱 문자,0.3542576837587185,0.6457423162412814
슬픈 사랑.. 대사에 걸맞는 완벽한 결말이네,1,일반 문자,2,피싱/스미싱 문자,0.3542576837587185,0.6457423162412814
"[Web발신]
아 빠 나지금폰 액정나가서 01038696520 이번호로 톡/추가 하고 탑줘 통화안되

폰 떨어뜨려서 액정이 나가서 인터넷 문자싸이트로 인증한 1회용 pc톡이야 부탁할거있는데 시간되?

아빠 지금 시간되면 잠깐 편의점 다녀올수있어?

아무 편의점가서 구글기프트카드30만원어치 구매해줘.구매후 개봉하고 카드뒷면에 라벨 긁으면 나오는 코드번호 여기로보내줘 혹시누가 사용하는지 물어보면 아빠가 사용한다고하면 돼 부탁할게 글구 편의점 알바들 그코드번호를 엿보고 도용하는 경우도 있었다니까 구매하고 편의점에서 나와서 보내줘.

급한거라 좀만 빨리 부탁할께.

아랐어.아빠.최대한 빨리 부탁할게

구매후 편의점 나와서 보내줘. 구매후 개봉하면 카드나와 , 그카드 뒷면 은색으로 되는 부분 부드럽게 긁으면 코드번호나와 그걸 여기로 보내줘도되.아니면 사진찍어서 보내줘도되.

아랐어.아빠. 고마워

아빠.ㅠㅠㅠ

구글 기프트카드 필요해서 그래 ㅠㅠ",2,피싱/스미싱 문자,1,일반 문자,0.9999995919943367,4.0800566784867144e-07
